Ut,Vt
7.989519024777108,-7.0925063288596375
4.291673846390433,3.702248647703118
-9.272401752667609,-0.349629973841541
-0.05030309957113353,-2.5840750845509475
3.7280158433428827,-2.2976572092199
-4.320513364313381,6.959673079636289
1.5930695141527171,-8.634241525978132
0.6512911542898167,3.672828504444188
0.025748585604199417,5.521309495148031
-1.0476012635576477,9.875513400112023
2.5981571397215877,-0.22125066727230602
7.218224242873272,-3.4039375845221773
-5.79039402310058,-8.368763177304775
6.169644467896224,1.0935978508507758
1.371780780747958,-5.515113488203763
2.670825676982087,0.3413735594888526
-6.819613270986265,-1.0420424284759409
0.810821270691813,2.327471121448817
8.907222011019494,-0.9415820021350059
-6.478829314711656,-0.7894086257906565
-11.866369683947443,6.72323481602888
-10.460233775393444,0.43159178774894785
1.5964209840033061,6.802893022734066
14.30980398426658,-4.446781619701399
6.742147520456541,2.4446514556158045
10.035733279846966,1.9543273373263426
0.5948952950114618,-2.396715954719151
8.387978262561452,-6.248976074489198
-1.627487927794685,-5.177540650587888
3.6792251091578345,1.8092541290543471
-1.6039031320414119,5.265531486512337
-3.2958540846328734,1.3433436632215634
0.7962497745597071,7.312032234854901
-2.856852089564023,1.249997240387116
7.850838485180866,-0.629789062856107
1.170079675398557,0.2774411806608589
2.4012599295140893,4.437683601989742
-2.025794022513186,6.50373779695013
7.538833582530933,-9.77576295294454
-4.391817012007247,1.9646201348627508
3.961389307357879,0.7118785293021959
-2.1052313486392276,5.089802004539062
-5.636600158575307,1.9088809470533588
-2.93602330130791,-3.3865833448593126
-4.827546853619728,-8.942909260598478
-1.2761858322630706,-7.33423605276186
-2.034841476380608,-11.940077731781248
1.8730196178793326,11.421030829297564
3.390916017939764,0.23053414580760867
-0.8845215463621192,-1.4846453665258903
-0.155432020897117,-0.9332770576268254
1.7345652228236097,0.42543013569281013
-3.2392744279962074,0.4310133184288063
4.248960119559621,-5.345885954462163
5.053348430295934,2.5005935385108744
1.221484783964872,-2.8762745532428666
14.368221989307212,2.5935832657032742
5.504753625062576,-0.03182705529627363
-0.6736348271649601,3.961269607316415
-2.1730826828534404,1.4960901531010005
-1.3930935356645455,-8.841865613555909
-3.0103733975692033,-2.7016906846160302
6.772710918659264,4.33226996729522
-4.186860182830288,0.5201070492975047
-0.4867331029016768,2.891482787862631
-3.1757764859969293,-2.149958815688544
6.277097140849586,4.360279780860219
-8.511336175340368,-3.797211072410491
-2.1749950989338447,5.764017474153671
-0.731434146971331,-0.25266358848314346
1.9161385265473438,-4.569506312105455
2.76541741003031,3.0174091375265193
-1.2947393539831311,1.124433387719453
5.934434744996635,-3.621665832385063
1.8885226728704017,-11.445479660765432
14.805906338607617,3.246926186866303
-9.049928922979294,3.640323929898458
3.7236039780516794,0.8232199308331701
-6.2707952250866255,-6.786004176625195
-4.788052906033466,-2.9268705547167966
11.910507548554387,3.822083189598471
10.468884890035806,-5.159968085098161
-11.137112883666887,-4.6574978157515385
-1.336642194617998,-3.6943788363554493
-0.395087086267207,6.000889693102675
-12.790272650889623,-4.636597745273549
-0.2929830680325184,-7.793701119043864
2.3600473024904387,0.8433530497623516
1.3035908707082375,6.4894460551062165
-11.966362618446345,-6.864976828643496
6.646249408695898,3.0084271495860393
1.4672638598879382,3.8054071252776946
-0.3714721769544257,-3.2877054667105527
-4.523357764486196,-0.7631158583535798
4.271754099119038,0.17599542581372235
5.509614908876493,-0.384255534577458
-2.892558833012874,-5.3013423680097045
0.5375256755370967,7.397914553216762
4.961991735973591,-9.699505964620581
-11.727072720009032,-3.820896487204089
0.7048539661598291,-1.5914585694752665
-11.444741328746401,7.241806134223837
-5.537455589093676,-5.571751467786797
2.8185086044982577,6.041251048099384
-0.8662005781617821,-2.54652810535435
-2.400830111914371,-4.56337295403605
-1.7759031176352729,-8.415793300378647
5.089251654129938,5.2860689287314075
4.24098272850981,-6.58459872913337
-4.72361355748312,-0.026204352217734504
1.7576443489918012,-0.42993190641363144
-2.8248435089131037,3.4457977124569235
14.425953635624097,-5.041238005072747
-4.436140431052032,3.9175670648767946
-1.8769725440225375,0.8683767962067718
-2.0932915093049593,1.7249753351292838
-2.6341574173200857,-6.6909878277191135
0.8466250083865916,6.644656288792728
1.6382959205718655,2.077745467563075
-9.711424486894769,1.0954256225001364
-3.4386801693575384,2.9519145844704573
-7.9226852753487345,-12.972350182104591
7.417231957120895,2.461710225350066
14.791950492368859,12.854239545055233
8.29939337721311,-7.882142918523708
2.0773986921070993,2.8059549806206645
6.135096643404817,9.015078946949542
1.000861602118395,-0.1248725457318149
9.940299746869751,-0.8510974669371626
4.007337653000654,1.9890151458902916
-1.379679862648337,-1.849018225514768
-6.777307166602749,8.772197702009894
-3.8397756253709865,3.7364693756776863
1.8829831293540353,-2.4199258430080417
-7.355015884428329,4.275042525424375
-1.3307588183969636,-6.363281839181648
8.03955785974532,-1.9390335854400114
0.17585826565901852,-6.171965083518354
11.912314476536332,2.837700830125912
8.682993604009333,1.3516752110616184
-1.7257764819034842,-2.663917940244628
-8.155863438635997,-0.6073611663076712
-0.28824795137652404,-6.366974913881308
-2.884724040792144,-1.0739477517667426
2.2665185157920513,-9.732875240339553
9.68644784487279,-3.9641098323068813
-6.738624211346298,-1.1021809562614784
-2.3323676811288676,-7.593081246527082
1.9940996971891005,-2.139850979511091
6.809839038491434,-0.13039730540063155
3.0642864683871767,-4.865331184833037
2.4857858471640557,9.973689376814507
8.067296540195645,-4.729379824687212
2.9610919034897316,-2.6644215019322193
-1.4220251071408865,-10.373490626972092
0.34371090093610845,8.872412217175478
-4.242428682402983,5.714432904340803
3.2799890252072066,-11.988149127151503
5.655002453640841,2.273849023056269
-17.877580626366804,-0.7202928108069273
7.308893102106284,4.637005976293699
-0.33912433849554313,-10.840288431537434
2.7653307143931958,-7.059780989051974
3.9742440703477984,-4.995938661492863
-13.77061997377574,3.3645377823027345
-7.175575868781106,2.1863313481946256
-1.9986069728270102,-6.225102789766016
-4.748344625804663,-4.399456666020505
1.6450366845606408,-2.13262720310031
-3.089459534827511,1.0816524476681695
-10.266427182925586,9.573243690263725
3.673783874991302,0.49150375621719306
6.600776244079972,0.7709729136834613
3.386115158316708,1.758643500615011
-4.276796620962359,-0.599494215435399
-1.56515687132505,9.326994029450374
3.2905683977749485,3.666568273586064
3.6191943013835512,-1.8494518615555589
6.041166831748935,0.05236779707069054
-1.766556044339657,-0.4116501739281078
-8.525283090925406,8.532259609116322
-4.073680647720246,-11.936286724174995
3.20330885586525,4.60828464961794
4.463846422715546,2.401165866558904
13.350297832939168,-2.5016500544423024
0.703088521166899,-5.552555313393857
1.467687121589941,-1.4135560129449458
-1.0637929358734048,-4.47950007808561
-2.4343771658945523,3.4605141572530895
4.6906511422536905,-4.412534722957676
2.1208656828230996,19.76818733139013
-1.2436769143286266,-1.2002900441499444
-6.478184303753092,-4.579350787149797
-0.7384189710608395,-3.5926548552001676
-2.345893111838421,-3.0036322278507437
7.531042390257429,2.7174977158940012
5.682756469051125,3.945917091011149
-6.133864153664369,1.7044548814422014
7.003010210424705,-3.753584893472248
-3.431860879726599,-0.8186760473204481
0.7988249812263479,3.2877377929379037
7.216463243819429,9.200453451169526
-6.148517802271702,-4.596129710333023
0.9623949776553526,4.453343847172726
-6.782851722836045,0.28707724083396463
-11.647798086134568,-4.33991779612784
5.919586901387985,-3.65779453093125
0.1693642037947192,10.62214124076684
-4.934205586983989,2.830000374365277
-9.51931056508709,-4.032169583487983
-2.408836916230324,-1.512207713714651
8.05307570553015,0.5885288450491147
2.4148145609306844,-0.6637672770802339
-2.236568498621204,-5.628566584233091
-4.032140618810075,-5.793592359217313
0.6348724967745324,3.336226404216053
-9.283832345505175,-2.4474483048786313
8.068839063769381,-5.782317873351743
3.019135089818934,4.891680090249381
7.1661036147794785,-7.430244281746694
-3.381034027176861,0.2775956636792905
5.128972537876006,-1.9693249882043056
4.127428353969147,2.0340269852812867
-9.198412309741094,1.7767928790067047
0.8937642058613294,-9.383916679135618
1.8906670093300009,4.786865425075656
-3.4495059843146763,-0.512821947494455
-2.1610268065767144,-0.5047967754644463
2.617111779196434,12.963597083434363
-0.22750729207820414,-2.81266746597697
-6.028298115156572,-0.5086128066006326
3.548718519781934,1.8191217240746507
1.3669041830712467,0.7845276301797172
1.4950719473180114,-4.251110664397163
0.5745794204263094,2.973126101098225
2.6941303841629387,0.27216710358298973
-1.7160120459579247,-9.677431990626065
-5.176549796382061,4.975488188586268
-4.450949032622447,-3.2971260022721784
6.6334508169483914,5.205310220890189
-12.1063119160465,1.1323445522383253
3.2432442786075812,6.145890035292694
-8.653793295687716,-11.15239759114098
-9.6531021770287,-2.7146842400337925
-6.039411370776054,-5.451945720508883
-1.5452017488087968,-2.6335717971370105
4.383044682837181,7.530352880192005
-10.19040894697148,-2.3767316490478563
10.044453273547271,12.774580992820365
6.982342201010214,-5.677550664973977
-0.7954415559090342,1.0355598898650722
-1.7414748516747842,4.142023386434788
-5.721194505698841,-4.630543323277359
3.5282435628531665,0.9027743326699845
0.4128088244534,5.986888948057541
8.472385826541863,7.672310994480322
-4.117293689274686,8.135092666526498
3.2876635610439937,6.461540446276938
-0.21829522681328822,-7.719632674435357
-5.082097518269123,5.670852290059861
11.41382424979202,-2.1760063583132645
1.6776323530800656,-3.8666947484104646
3.721527009080813,-4.250348921429385
-6.411406250807298,-2.889761333295841
-4.335724401036711,-2.778033497107562
0.5048373323505068,-11.875354990651223
-3.5067309397522077,3.555065840955416
3.61213362452228,6.906523926893539
2.6301914350181494,6.265687235100157
-4.69405916586803,3.7104481531015163
1.157615905014759,2.997209413698331
0.024149471927629527,0.08010213835814604
-0.984451744064399,8.12054106673228
-6.892873586447163,2.319287652143295
-5.013051023821507,3.7415449565381147
1.2627043702763199,-3.87508599821487
6.083907784498136,-2.3607389351462973
-5.821186937857455,-6.219878528505424
7.303089354863323,-0.19893543423526489
1.0958842714142987,3.1509969276684275
-7.618917550817297,-3.380191018989307
1.9403395783299908,9.412177368444892
5.314649145629383,2.1200940184954002
1.5863681497842717,-6.275672365106802
13.914763905764884,5.687887703869469
1.8520060391267625,-4.048801150487169
5.355384189092973,1.6020393556208554
0.06613618065478916,-0.14374032464183362
5.8804447680118965,-6.391685602488578
-14.37343208035079,-0.7509132538074739
-5.145135090238124,0.3372239274675876
-2.1856685174980726,-1.8259549630530552
3.023561407262118,7.688999709103374
1.1299872874900136,0.6152477870544023
6.511362441936576,10.938872704217763
2.141634402033858,-4.330991945694053
1.2439774043407321,-2.676867294029921
-0.8703872239504649,-0.4473436921515481
0.9834255160705924,2.260155625799546
4.977074906383448,2.1163404471882923
4.53179974771305,8.45363585944834
5.276914143345973,6.213159087039923
-1.4397377929734287,-7.594868624841604
-4.170339872444017,-3.130555177119749
-2.8284004977821287,5.131254418103297
2.096858452004197,-2.5126737938418753
9.668743763960093,-0.03419608730465587
1.43603559858744,-0.8347044775306239
2.91001576888368,-1.4478471832236017
-9.951628239439769,-1.6606536968014904
16.07946184787589,1.6803888525502089
-6.621132787567357,0.9579488462161629
10.906695652286038,-6.528296041559337
-3.3362840498478183,9.980146386149142
5.74626743812612,4.35755151460539
4.891324088570513,10.97504500596784
0.3859163985240732,-4.7313649210654365
-0.9984322290824144,8.282678625153308
-5.644258649957024,-6.291412769168375
-0.32156701033858753,-1.5841247079390162
6.606817218865947,-0.7178637002701763
2.232735272433452,-6.346201047225506
-5.300765922562473,8.883995136119395
6.948309430185381,7.405516027257507
-7.2219209495655345,-2.972395818854201
1.2590348512304594,-1.743523278828205
-5.34712153277208,0.4155190677947177
-4.696126481947992,5.952349700062435
6.478384066774243,-4.81465572310734
-2.777045313577613,1.6631652895058495
-9.090454076100173,-3.1008914950313793
-3.2323111906639586,1.5628544644621643
4.539731146369071,-6.087814242183839
-4.376395334827508,-1.6820297420248562
7.288695900481036,0.3356808505525983
6.049697800231344,-2.509203066611578
0.43969805356037484,-3.916570409397726
7.042394480536821,0.5975936037236965
11.177710003925734,-5.317909945670476
-11.901818985893815,7.6212924869543714
6.940133580649583,-3.074850906358969
3.655693597694183,-6.594478776078565
-1.9392073948380308,1.6759148171599938
3.984873641569967,3.42861497883416
2.3803559585497944,-6.910692185437225
-3.4567011652472703,5.195117692972477
8.929310352468091,-3.940828496826089
0.8414812008304458,-12.756121270681858
7.129900523907864,-1.4874187657390598
-1.474472325290276,6.819467608013549
-9.813519708054967,-2.5869029557721333
1.4687885312759137,3.6099383581908144
-1.4104933788540828,-2.9789964989061573
-7.564966833924844,-3.135293886503371
-10.151807572660852,6.642627078770835
3.698705534429239,-7.875964525062361
7.618147690039758,-1.6858114366691064
8.384027859704016,-4.8913860644150295
3.205349773602742,5.689231987063751
0.024612231352426985,-13.076113718355
1.1365190537363583,10.64171671998312
0.26864811250169524,2.0907574628922205
4.768111646020653,-1.4978537922673598
-2.958844448645671,-2.288211403914309
-7.569538433998396,2.1550207503616634
-1.3155615840179926,-1.0457936686063358
1.1836333430731578,-4.115670436255963
-1.5316827242657092,-7.444292991842568
0.15484554903904618,-8.09023296296922
13.205798625850726,4.922423146031057
5.30620562095526,-4.295295073624253
-8.320935207666848,-2.238862268802336
3.9219738859795097,-3.6466275667906722
-13.059651807918009,5.818113237325339
3.71369354636656,4.175884555575632
2.863405818667191,-2.5266478990547405
0.15657916882021078,-2.574547244286042
-5.8182340368288,0.8562728091188031
-5.902368744201103,-7.241809510525108
2.4751962939694647,0.678784241933227
-3.6858290780252165,-2.7423526743772406
5.02249065223682,0.7204361225394132
-3.7417140496668946,-0.20434983300200132
-2.1791172085630146,-5.020719503737616
4.556827986797246,8.652963215488251
-0.20356199806248876,-4.1666160575251014
-0.9984041563107658,4.172964336024329
1.617434540513257,0.27633060992310937
2.2518333063367275,-6.792938919386231
-0.5034914650872359,4.740809607051583
1.3567580954966916,2.3192305290818735
-0.6952843835456466,-2.090875246512291
2.469614472377056,2.535809470881784
1.7268626057683703,6.90715976565466
3.0256288626807613,-0.344492799676076
4.825604146150435,8.850354807391815
-6.18364927735497,5.408155202811321
-8.146185360232902,0.6853099824965463
-1.599011190179827,-9.509734226081488
-1.0277567855102479,-11.864378453596427
2.7743133043428263,0.11337427360777608
-7.319133202802508,-1.4089077564142989
1.1554370351413166,2.6794150109902533
2.612702331067482,-6.008261961924954
-9.809664816735548,15.44315800156188
2.609623647560198,-6.219984319610468
8.38691631496123,1.1832079167416965
0.7480006504702801,0.5863403578017944
-5.348708412201853,-2.0738318583691284
-3.4613600489246927,3.5675162837801353
-0.449693208791923,-4.64229854732954
-3.130658689115942,-4.888811215960965
-19.226408065977783,1.7264213363538474
8.776265956011025,9.716557028859983
-2.8014157292105066,7.914769596486373
-1.0741182051982336,7.2344124953266595
5.5484858070715335,12.053089082551708
1.4114685899734438,0.8230207954500645
-2.931649533292231,-9.61783912569182
-0.557889249540531,6.591253666067874
3.2124082933695632,6.716317947219765
3.3050682066513266,4.042624071607899
-1.149132320995501,3.615242955254814
4.768185766350577,1.6320749858689172
4.710578994355179,4.24225869914889
-2.926346501683043,-3.422716291987448
-6.035189189008911,0.34172103413651256
1.9654521934313993,-0.4438524644696249
3.474290701085161,6.271239037940994
-2.7595532873748234,6.054184514710026
-2.614895483214209,7.071045766152866
3.2176113104854505,-0.5979958375048723
0.9420899007046342,-3.312305108388507
8.15273483389977,2.946974662110107
3.092071470787145,-5.721582967473321
14.304747738203314,-2.6636869425395733
3.175141606858925,-0.2909286464130656
-5.3768630188176045,0.7753425281849503
-1.186860704322964,-0.3244264631861733
-0.5728549910841523,-3.529867674459574
-10.082675514038879,9.0026961648094
4.060249172965879,-0.3234837133215716
0.36436694127239344,8.84548759822327
-0.13824713023948848,-7.812997037177737
-3.319910565578785,9.362496079817475
-6.6367394176972585,-6.992981092201692
-1.302809366339244,-0.3446417965767191
-5.252534260823566,4.504084456214823
0.06468857399178263,0.1555891180529307
-5.437480924343067,1.18306318120117
-8.494519264496322,6.487977983476932
0.5682498675319861,0.39473747086205835
1.1628036632369998,10.902722575602462
3.2594105138709484,5.770401472258669
0.3380146762654173,-0.5871582931809364
8.793930030517423,-6.368258951292588
-3.8158152694970253,2.1748668566297105
6.657031370752563,-2.268715275173909
-5.955794904957851,-5.764086126595264
-4.094048841172762,0.8165973799791043
-2.4556152036636485,-13.50953464741425
-1.484851638405731,-0.44116943383637064
9.167106716390263,-0.4573191121161019
-3.8966302254426957,-6.491129110605622
-7.614093156597463,-9.66929332617348
4.529256424359242,3.527196713473549
-0.14345065560432174,-5.9567721964576625
-9.345254832185967,3.436193305245804
2.07810945968313,5.832919241115577
5.654186984740863,-6.522872312971195
-2.3128609002362968,-8.424939798878118
9.361252685803402,-3.0546043527079663
9.27097055950116,-4.400133127252402
-4.150125924747391,-3.1912141782688814
5.187110832761698,5.141904775259336
-12.58675123964247,11.091222933116773
1.0217681688515405,6.272072538929161
-4.546977914105517,-0.2730050675412438
5.806862496907153,-2.7942330846656813
-5.247150268154392,0.2723469772381405
6.167042340400976,-7.37197987050526
-4.817337770628123,-0.685497221356395
-2.5698204460781113,-14.828109028170307
-4.532495002862502,-4.0765160022889395
1.3229813936804722,-0.5034419890043725
-8.238685107930538,-3.778458696385762
3.8805500237262702,6.781089947353829
-4.041010884117993,11.516781688419785
13.451199015259842,2.255014150768071
-1.478922723582868,5.639672062823616
-4.581626032940091,6.680929315041411
2.884732458559152,-0.6002703062496051
-4.990795216798253,-10.27442981999768
3.559135387736693,7.652354476734698
-2.692674835510406,-3.7544402334992952
2.926175629062509,1.5126992392786653
0.33788837672461797,-3.7735708204099407
3.274706791724501,4.304131333002035
-4.098734406457432,10.70092445378096
-3.9541038500115038,4.887240586591029
8.63552237098872,2.668403606563456
8.292879749940385,6.555167491873129
5.52792258708738,-6.051057239819434
-3.4373233306651025,2.465181534809466
7.650294605600102,-8.100448926314744
-1.9729922400001565,-2.030870381441943
-0.8780448329064143,12.361491040309659
6.350619855035593,-10.095517885745585
-0.6664826557637875,-2.3452420720012914
-0.2332867985778846,10.019351731833462
-1.9341809534337742,0.5335492410349293
-3.994594387105943,1.7965708653967614
-4.22772002680557,-5.7375663061312245
-2.1225763842111336,4.63607671407355
0.9115645251352447,-3.5074199260112953
-1.8252010210700984,-1.770934295666545
-7.073126214980704,-10.410011632953687
-0.8947962396340318,-8.80779190500533
-1.3505811020676046,-6.42920089559157
0.4209262426408475,-13.525977510795572
2.7124033714386764,5.1384763465539
1.7644155471712937,4.359730318530293
-4.965060077257808,2.1182634612447546
-4.970827301381031,-1.5224970922893228
-2.955044780427674,8.965220932204549
-4.509722645534632,-4.894916665623761
-9.5302848957318,3.924652985789448
-2.8123842797100944,1.2034237322067705
-8.586710804401918,0.7767601276594222
-7.580981181028383,-15.366442370354415
-7.441491792873366,-4.925354516079166
-6.318695840781312,-4.123826234240941
-6.793186426186442,7.03708122312705
-5.46567633484218,7.4304393098540915
-1.5614393134333961,0.1642498395578415
4.887927116351174,-5.345201194732343
-8.084048836649448,5.597161619054981
6.357169956506667,3.4631787521479085
3.1472444149930503,2.8322727881977596
3.200934128695824,-1.2665337304971405
-1.52134810816296,9.635596881454799
1.1527337585651605,-3.960807525686576
3.377530756533038,-2.5371650008965645
3.7647058117403454,-2.654738487827275
-2.039691732006113,-3.8803787677816888
4.423073886723736,-0.07150909647424238
7.217417533561145,4.6833450760438495
5.8233571600132,-7.3598610572159995
4.223272325019944,1.4053803600008747
-3.6299263075296544,7.871565910194198
0.028263266753896156,-7.1644086779381135
0.8822036393034962,-6.139724938307479
-2.7752347035214875,-8.390371210578794
1.3113529916506268,-4.172816480644311
1.0125216525140979,2.4741635625661207
-0.29998306902966143,2.7497316722481737
-0.899436873567661,-0.3261739965863655
-0.21196837384468215,1.5260052010662746
0.20169920749758113,-0.8261055674086469
-2.1994559414676944,7.18249271431245
-2.54526852474311,-0.9597428326188019
-0.30509790058542824,5.016697386156164
-6.7425252178602975,-2.5317832575114627
-11.144148994739513,0.7752716987169377
-1.2991495911837112,2.1187574298663945
-7.07522701389682,-15.127855645990664
9.868566791240228,5.964730302278731
4.340575179694076,-2.0619827813206024
7.48889577621806,0.8576117827741131
4.396354621359504,-9.245484176092738
-1.926136427427028,1.1267186834737222
3.005369801601434,2.452246066893381
3.1196538673494825,-2.762185955867717
-8.267254975431337,2.2838101976893372
4.708263874137062,-9.911376931196585
-5.377846002330331,-1.3882030713809697
-7.070027592621184,-1.4909594893437117
4.4471244330490185,1.3414433117251021
-3.43709598940654,11.73076841153838
-5.766032058300505,-1.391141421368488
7.127507966389594,8.26298031833116
-10.596990003133124,-6.511985392581216
-4.6224699438634484,4.57440586492217
6.745451493629728,-0.4458184936292317
16.03011053347297,-0.9722619399171579
0.38667300040835206,4.355548627316733
5.480905882653613,1.1575661578445324
-5.982037260526564,-4.748648256029415
12.450292017667316,-12.284724413410991
-3.5411191841233363,1.5858065207004775
-16.89600730290606,4.7016789730078035
0.6572665579107403,-3.1285985163209955
0.8560157615018837,-4.212441735933969
-4.704213363810849,7.877132605917549
1.545664410530333,-5.041019913381736
7.877536481870587,1.9936947963745717
-8.094152215778557,-7.5096573245200595
3.0008211056718403,-0.2114973765807767
-5.907519888099021,-7.115202835146606
8.915876484233458,0.068158450540848
3.4241607301038552,-10.295854841518894
-3.077251154108462,-15.677909990435582
1.654694537930279,2.58705350675648
-2.3356892527158744,5.4864607929808376
3.8911764902502766,1.6705539102319993
-0.14657123391964558,-3.7140729342260927
7.850922927101026,3.0993724549060118
15.975464842986629,-0.9918980455570208
2.0563583925726014,13.069133877989703
5.235780992477431,-0.14308364389296907
2.264382032562316,-14.871440857405851
-3.039956286524305,-2.2280107376746114
2.8980967789108236,0.7861627180692594
5.8614361841208105,9.440362326386536
5.0810477171893025,1.9221886186497517
0.9399105418636214,6.67633369065387
-0.9271306483516071,-12.481567385691136
10.980882901080271,3.482802481015466
5.5746677732601135,-1.8859768298529453
8.295224920328398,4.216977640318071
-3.9135681512528704,-6.313670107197959
8.537120071505232,1.5643962771778868
-8.75306625785274,1.6919350874172878
2.865893665583755,8.274990497075857
0.1764047646283467,0.16690312564805734
0.9708767168985273,2.196211711811559
-2.4655416105947356,-10.043898971111606
5.585013807980318,-0.48480860820380434
3.229611890007032,1.898352801116286
1.171156776703142,-5.186172977364728
12.393754308851626,-0.3530306997575829
6.2523144857510164,-8.233346008017781
1.0999105072324418,5.335911441062246
-0.06893097760883612,-3.9478586839204475
-11.922624896317012,4.44422143593687
-3.8449937551241886,3.4625976408115227
-2.8883673097725278,-0.8035283478137144
-4.8654708637604545,3.194055983043406
-0.6532412717786018,4.045955366927463
10.924683922243283,2.2152717565534585
3.0844196677116686,4.953736541617565
-1.4080047697022167,-8.081486733479316
-6.513471830838455,-14.315038371538156
5.710475784689912,-10.292864537392818
-1.3823532797677192,-1.2534031876750353
11.219926946599127,-3.760367005368112
0.9463498632546586,-3.052611949126985
8.601819157417996,-3.707348474280532
2.8358365714456255,8.430233673754497
0.4539535194830877,-3.0166450089665227
0.756869199394681,0.8417505286886648
3.7534916522884516,0.7338334250447832
-0.16153583608311872,3.6001462638029427
-9.404688037327055,-6.978790436496729
-11.309101034102866,-4.7419939610096655
-4.305073296009272,-0.7543881939196811
-4.9076182569088,-2.317970172146925
1.2562265361745864,-8.439427684815612
-0.7837255366325404,2.131659155342559
2.9579112286809006,-6.292677470150661
-1.3365964230132987,-7.260254573720182
3.3712347898078114,5.404678713150354
2.0283560682712998,0.1938338026532427
6.623237419457908,-4.500105268859855
-5.401797365073234,-4.078842341241806
-11.40608241522639,7.52525723943205
-3.725125991827282,-7.3885000574930295
4.370960787748897,-8.650935379630381
-3.9506412916941915,-4.9799835000084585
-2.87420739355549,-3.757996477488656
-7.73474820776249,0.987482417223522
-5.8451975535488225,-0.24618165067543585
-1.1646151932603328,0.7503491393532146
-10.48041505497443,-3.2029222151112844
-0.905862312304913,0.13957310765139203
0.10753914536342851,-2.4064494439760873
-1.189923020648902,0.4025717642880814
0.7478769687646385,1.3867566567291734
-3.9825055479693114,1.053416761994935
7.689443043808179,-15.497633823353675
4.75343689960331,6.3060743749918915
-4.746611718588563,13.117130139399663
-0.45963004031603805,3.0231428633530752
-3.985423969675188,-3.3509588684729517
7.630923743361308,-2.5524665419646047
-0.717317897406413,4.945533136015617
-7.205871671714965,3.4724648234456312
5.077110571626264,-2.7279637590268635
3.6673786972054154,3.1176780668442188
-1.2216184731629858,0.18711867214031083
-3.1450429397994775,-1.7185399986159426
-2.5114441386653024,-1.3370414656688396
-0.3714972762906535,-7.977138350509266
-6.353089751865937,-5.896414087481552
10.8314734648095,-0.8890093791692367
-0.44413934380683195,-1.3519292059943413
13.229314187905956,-0.18696441712423545
-2.712535721500892,3.0092378107375506
-1.2566157616905405,5.405790777891803
-1.7681061460328478,2.918309307654991
5.4389529824700755,0.28587493388443036
5.995526957387222,-8.907577027992962
1.8923058468771445,2.385784872010652
6.826796801710473,2.159149318225069
6.948578185173088,1.282110701690249
5.99856311331559,-0.50509554428482
-2.498691705255453,8.108522589666471
-6.86265841684993,6.0956883703681335
-9.75868089845482,-6.561902779694657
-8.752736526619158,6.188913673537917
-1.894952125406602,-11.087628866353331
-7.7336148670147296,5.1287158896920095
-0.6501598971802791,9.96922965123235
8.959399975846402,-8.76717960560405
-0.936561494555928,-4.7701644488282575
-11.349872380029893,-0.2833756058430053
5.042196944817941,-1.7469866620691419
-1.3511930261050376,2.9171371244693556
-2.9965214752998324,8.789341526181184
-1.6261074013727854,12.258265313019132
-7.952195230487388,1.3320759976989442
0.11128881471417248,-0.8794565413380678
4.527329514296304,3.66767043339732
-6.148816139050524,-8.998948906319125
3.419601254115913,2.209567753661831
3.6552624464877845,-0.13632924232760896
-3.409891021194347,2.8269228578509056
6.055176237953901,-3.302073888227607
-6.952305962497603,1.857415280049423
2.6383960452213073,4.725111481952236
-0.8612546377264598,6.3154341632198525
-0.49488336748276474,8.170768528810559
2.3314681198329343,1.6823556338608523
1.282708318351522,5.24222560621602
-11.775111104302935,-11.49822625109799
-7.781172754622492,7.7210322341592175
-6.483578978726733,2.260440944346263
-1.4162841111044049,-6.391472876757784
4.680277856707469,3.4837372414439476
6.3529021302671405,-0.24993110490923548
4.030445601465249,1.6058611114898684
1.050836997480499,-0.7704757239287284
-5.821579593415467,0.36346141826226835
7.088110990730344,1.9156529154220934
0.6356182411442298,-6.744253912186652
-7.428105164490246,-1.1771257566804674
-3.7196753986278233,9.274520840436917
7.308360655422526,-6.631080865564792
8.603408580866247,-3.3548557180536
-5.6154569924439555,-2.6532267551609587
12.648228050950124,2.071068705420954
5.4702502018814965,-1.1567288499961206
3.409002466866666,0.7857697235071631
-7.0168060260649,-0.38293659868335544
12.91182303472707,1.0880134595275082
-0.319349347141921,5.4630923101106506
-4.510631409382041,-2.9674407686181987
-2.6026360924181597,1.641972740670036
-0.6292607037988618,1.5453617338642645
-5.942543334209754,-3.8007179454947124
3.683868230983232,3.0060179998885372
-0.7032808312630987,-5.697946148043417
-10.39392853246159,-0.8768820308590316
-5.242810303138743,1.2243390368602225
-6.808171936891929,5.1616345006483595
-4.846777954376772,-9.413010586931838
-3.297885722717271,3.1267454853754097
1.1247386501486945,-3.663940261176649
-1.7679484574390845,6.66533691971607
-1.1215278353514953,-2.8363889003410074
-4.495483411759567,-1.6147987413585996
4.121090435933806,-1.0630162342469764
-1.6624223527605193,-2.282563460352477
11.940033074627586,4.091817904176883
-5.361839715435716,5.353739221641749
-0.24607502941753953,-0.26471300511699936
7.8016143296767435,-5.840892698533412
-6.876574958028625,-2.4353354836131165
-5.705693923773563,0.662778697915845
-6.6939549054124505,3.4684003555656253
-0.779202542843737,7.09129888414228
-1.7585336354628929,-4.023592790660793
1.281174770519386,-12.464615553872472
6.708184825580823,1.4431828927170085
-6.9387819164527365,3.6175203534308347
-2.312765411288501,-0.054196237441328676
2.3959642417128997,-4.512157526078085
-15.06881459434477,2.819216250739154
-3.1596482042839353,-5.9426133266078525
-2.734691408881539,-0.37731211200715553
-3.6306238350492865,2.5533550042558413
1.703585516728845,4.189323289991999
6.582724975578231,-1.0234368936495335
-3.231464210556341,-3.3380275541000692
13.173580457140048,3.041975846878925
-4.215862711160463,-9.277457930576233
-0.36359735014268496,6.788799960118464
1.303369300140708,5.56102529563016
-9.150205740626102,1.7054990076775514
2.7473518431541177,-4.001829739469179
0.12625932641820325,5.104428206739695
0.9382291308985563,3.8801301113991213
6.225925137730632,5.058960623019545
0.2739954014505134,10.668957366092318
6.644016892489111,-5.851712313408403
-8.026734305815873,1.7253864036498126
-1.522000330978909,2.3538002378108196
7.52927904116858,-5.470900619857635
-0.4832710087894392,4.270505215779734
-7.325053532482827,5.643584700017218
-6.93555651042155,4.873374394890771
-4.544039109349772,-0.8970331908559638
-7.87434843986436,6.967653748013655
2.9720910445114654,0.05385425741782703
-16.890367846615696,5.057851285078291
-4.928269813539269,2.8028566952082046
-8.343903481183535,-1.940963489229273
-8.239456037765141,-1.3873122700377063
-3.417310159798741,-0.5593957548771338
-7.40960026482615,-0.3597710101481991
2.8655859014246277,12.65629000017839
-4.736874839479232,-0.030898327159811417
-3.313411659467273,-2.362896620823922
5.025821522614801,2.8870929454629035
1.6363069011965115,4.52086027761283
0.7575328535457189,-5.078957544899466
-0.1551505301887031,-7.1218136110420724
-6.7460533221051024,-8.001520517579245
1.8094367336352,-4.392561388564609
12.711548613835792,-6.735773459901788
-1.5777968232562758,3.148854042513902
-6.020327662114431,-6.154494195651654
-9.106777351026759,5.521368770517375
-11.531969421636832,-9.090905113834072
-2.0600714933567343,-1.1351310073724215
-3.2421859881426114,9.894037554995347
6.271017030466735,3.68389873045403
-0.47961142281487856,-7.599851041361056
3.9683697875150186,0.8252347700184508
3.7403304679315807,-2.2248759257672677
7.191610984951014,-6.299780384457401
-1.8526848827860949,3.4239992373324304
5.821007933229866,-2.578406696774339
2.7062772804802018,0.5785208813117586
-6.3762403256159175,5.833850046711536
-6.150852219991256,2.5346894527623633
2.517684143831893,-1.6670699424832873
-1.891993677493816,-9.185583133393731
-13.264526470316405,-9.843214257657854
1.540739010117088,-4.535765787645638
1.5631761313088566,2.006593067113024
1.1890794862589629,-0.8761083513546537
9.155112240962978,-13.685684227918008
-2.389633521558264,0.005589334461204903
-9.218371252631783,-1.1426832669113935
3.8048943886798767,-2.5933656633682327
0.9294168353387586,-3.1084776312414655
3.6040606642074935,1.679574059302859
3.8837129147432914,-1.3862895331453478
0.8973864308824672,3.1649954332462764
-3.308055408395085,-2.829826254308007
-0.3930144732774513,-4.835352345727205
-0.9487003778123485,1.1381453488965785
-2.7378910749667176,4.049352019685384
0.9412326774930806,1.0607266268568531
-0.7187686051856739,6.884106697402523
0.29245626308209444,3.9546786444583137
-6.541071499209252,-9.028494162651869
-1.713813881735403,6.229523587191576
-6.879191254757978,1.2541924727355727
-6.350990926299478,-7.916299203517251
8.26079005133787,0.11083297716340043
-6.101095555337481,6.180248709224015
2.9135986223323393,-5.79893477279028
-10.104464417466437,5.2881440893964
-0.6213810227212311,4.619776305747684
6.2573502765578155,-3.10077767176194
4.70913440762588,-0.7227156734188591
-4.448935409277657,1.1706491161812427
4.762447489329577,6.102378782315166
-2.2344944745894706,2.624841811375905
-5.803956537669606,-5.856953020554572
-7.246015442725673,-4.344658188601493
-12.047851155703867,14.231733138490565
2.8169772364006227,6.121291566750937
4.653925329990827,4.40999727982941
10.02639895215312,7.124226807372588
-2.1074398757775006,1.2890513261122087
-1.9661981914054603,3.7512336560144837
-3.3532913608889325,-6.245503680742368
1.8736198567251403,2.2343820338143736
0.9402935245931221,8.179946044207172
-9.03016048612978,-10.939515095024593
2.8628738911430465,4.946890195501721
3.4260441942499487,-4.584509194714136
1.524416736831167,-4.974016008947524
-1.4474329004125397,0.46126966252298934
-11.501319563725225,0.3747465266065955
0.6071705078813967,0.5077769230367906
-0.6408165675890424,5.391355990750214
-2.7959033376895865,-3.3417195560363164
0.40660357920512596,-0.39689205980690473
-1.34680061921369,-2.4634403466893535
0.43042983401809337,7.88718395985214
-0.7005693765510951,3.689431993939001
-2.8191519271504912,-9.131049775213304
-6.65525096842086,7.653967435087281
-7.430756353048925,-1.861361275174037
2.0483259235547173,4.366284295813341
-0.22180518685076556,7.885568577248824
2.4417581650007616,-2.0032737538705816
2.619209752817733,-0.4568639603438818
-0.7734257154618169,4.309330015901198
11.493915533509492,2.5171781901577956
-3.0136586526967486,-2.6358868848962675
0.4061616518946942,4.632636067168135
-3.0451799606728125,5.326343203302178
-2.1542629397098563,-7.8484381330857955
-6.202776405045496,0.5194929389471314
4.080271187928337,3.5019581045186188
-3.180015385581757,-4.007750111869509
3.9335819457699195,2.0658400989418673
6.384771876203149,3.332719012103371
-0.12758951226335674,8.002961639925633
-3.1885197455268295,-7.603418028229188
1.858573342298456,-2.252821190110592
3.392317493542773,-2.2992458969480514
3.8966762129075527,9.891922299265735
-7.965534960507144,2.070146304680485
9.03011956530348,-1.4727991661463107
-5.27286905692109,-12.32241492491258
-8.281294048687002,1.0087461902966934
3.69191967000077,0.6991096383640958
-2.0672926624636774,2.8712457330449257
0.6565995346952802,3.9908438537485136
1.2916676101156082,0.45248325758633157
10.322321221819,-4.709546062233342
0.89653355236721,-3.7553999422785007
2.8181519022884576,-11.519229057429513
-2.0359327051955005,-6.732364416927494
-4.229465360842658,5.204027684334434
5.172155095422154,5.192378246453476
3.527098033532315,-2.2675941632559162
9.452052509471594,-2.9068662842614246
-4.625322115232162,-0.7562512254667985
2.2276849958096,4.196444042874747
4.628818499371453,-9.372836528244807
-10.011795995609571,-1.047162598651104
-7.645010440749298,-7.167493779236288
2.9530064940882785,-3.0631400340786676
1.3909333948278695,3.6481655333357197
-3.8321548922306237,6.2822625145566064
5.465594330501787,-8.472683320360726
-5.3728514154613105,7.033488408702848
-8.643433808857337,6.1899640682564305
0.5098972310706238,-3.073197070392181
0.7930088967759963,-6.406648785066077
5.677791985462807,8.723893136225547
1.3453646372157422,-6.670375654992366
5.001088129047506,-1.8724502286869287
-5.813935504572541,-8.71748537957156
5.185023289807938,2.872023836081696
-6.266298879688982,4.812294336654511
6.167033572934738,-1.3628307463503377
-1.180966288065491,-1.7781162360410394
-0.04900672549210837,5.778921764994674
-2.4847169839213366,-7.741642244414723
-0.7728824524996689,1.115236986034375
-1.9144780737839375,-6.551632603266379
-8.768481853872402,-1.4184515977009542
-4.970464196970713,2.641786626692608
-3.75180929134211,-5.654170929840157
1.60071608990261,9.367522231608783
3.1560881576588757,1.3738816379062149
-1.8485543505874773,-9.318640519085365
2.3042267129922855,-1.704940037531042
2.7041500935708,-6.142847148100046
-1.856613751847874,0.1767240353492643
-14.605252049339972,13.026435882210299
0.20928274670594693,-7.348079018237791
8.724110054590497,-10.961002015714389
-3.2415385285191283,2.5226210516808343
4.440912233020741,-5.4150800473098455
-4.249739631499027,2.599985119339846
-3.9463684206073806,11.806428794529365
12.666591220610396,-3.52648500755369
-0.4378016210642677,-2.674403089493029
-5.65435876258163,10.52534454986138
6.870051946533346,2.1091706907414682
1.8652582525982027,-11.580185611670535
2.352802808161676,11.64295053019218
-11.367563325874634,-4.664784566268011
-2.0490698375930694,-6.627814253286834
0.41864228633580763,-3.0672867440929914
-0.9621424080183991,-5.3336396274123885
-6.086035056812593,3.544770888331005
-1.990966491480859,7.962221477424506
8.64418441127133,1.005179560720258
-2.3413071835804025,4.633774305853901
3.8547037466041205,7.469883420464669
9.079513356569738,1.323256160278429
-0.8540015294363847,-9.546027444938437
-0.8365197682479975,1.9454337577364371
7.0530452569582,4.0436814564131485
7.102734085689097,-2.785512675063265
4.10044356343437,-14.845089816870544
-7.290681595010211,2.086440888472198
3.1893674387189197,2.5157056161379123
1.4725738994408901,2.9274152673782927
1.5119268245390187,1.1694654085682084
10.466759946926334,3.0090494077532846
-5.748601009249979,0.9728765040201194
10.94801373463359,1.5644592676085958
-10.079672295506045,6.367739719752275
-6.686453534361484,-2.3908143571712324
0.35490616131379943,-4.71491053365297
-1.8942076509996058,9.44758585724572
2.8225927509563453,6.473327981491141
4.658354427486288,6.929757677291242
-6.387741623950626,-4.987788137326168
-1.0956536278690692,0.7040360037956269
1.2686871547177991,-5.513747795058909
-7.9963515511121965,-2.0844428330098106
-1.245419550155178,3.8467806378258658
-0.046975293449171784,-11.169814514419405
2.191597447841125,10.152429575952302
-2.4001678972070977,-0.32477792253834636
6.79515292279382,-10.774198976623794
-0.5916977557227195,-2.45542541076008
-1.2661331594731484,4.34705673506012
-9.481426350290661,-3.71281346599942
-5.577985343534086,7.0295980510187155
-3.587421655042765,-5.309612354233643
-8.597823979994464,-3.941687896895408
-2.8017514095767297,-1.3798950118408306
-5.364868619196945,-3.3598073838765488
-19.906014313808548,-3.539084386750445
5.371677501180425,-5.226433651461871
7.1977763851679315,0.13724232654706942
2.2896276098472326,1.19337870667533
0.541037183670196,2.795164949300067
-0.22469171752200678,8.198806620620704
-13.999044183894277,-7.753961072468526
-0.40169750504434587,-5.239031088250559
-8.718654616468518,-2.324743748693077
-5.828874432516759,-3.90939078095227
-8.38552969633996,0.5751030984703009
0.5153525216860122,2.36010020349778
15.904139285365812,-3.045695261447789
-2.909518587837538,-3.8881523658254054
8.220595356994862,2.7114173321684456
2.7282069901102672,5.646018368476958
9.471319659813876,0.5743407525078635
7.177080423071754,-2.9009683942264473
-11.035047472301194,12.085468236392153
6.656287900680574,-2.704144925965105
3.289065079015188,-2.9927285235969525
-6.910322974860244,-10.243397012475793
2.4582923779572927,-6.5282111233387905
-8.567925063342301,9.447119185346747
1.1753599315611458,-4.668823571692375
6.949215139895564,-6.160399727442797
1.4361175878630612,7.606887769149987
-7.242823817886778,-8.913279295885678
-1.785181185184531,-1.7288979702832326
2.088872672182368,-2.1912837176439868
4.909720986681659,-1.874221212207051
1.2030041784371883,7.31390139724084
-2.1932374068677944,9.632408912655148
-3.324984123410978,10.59563778952635
2.8902290360164895,1.5126639502930692
9.807016046868728,2.887739598257011
4.212368109575469,5.275405998713972
-3.8595993189082733,-5.0442356137466975
7.446674161668235,6.525320298699317
-0.5844799100264504,-8.560114599967717
8.967225660783942,7.79061218340316
-0.44771797748670605,3.484351422487024
6.561159773254435,-6.913742662384905
-1.8629369319554394,2.869649309924536
-0.8698471014213636,5.896542713115587
8.648855256386376,-6.35527272297797
-7.641990577217353,5.089821926251196
1.4412445602606472,-14.980929811345034
-3.4289412358212914,-6.815517843474255
1.7425335384388314,0.5356399856194173
0.7316547619479568,-9.100615806678565
13.90534244937046,-3.6116250627506528
2.115677743518166,-8.958118060667939
-7.278601560260608,-4.451237307681308
-2.4320242462765274,4.500541228342533
4.3007302576251085,1.4280458717911884
-1.8533664356579727,-2.240081510299626
4.305469543079529,0.8980358523405929
8.240240991091216,-6.47865954825201
5.849520308858063,6.5762812859075295
-6.635581815944688,-1.7497603381908775
-3.4271392758241443,1.9651163231249755
0.5212396112928049,1.66545888531666
-10.67878097442734,9.868645525883185
4.2938180361590295,1.2158654831879583
-1.5776874747433456,14.378297547191517
-1.044700819880633,-8.117014560521563
2.123345268320307,-4.173204254953907
-3.523576954874584,-3.551371000494403
9.071723099424252,-7.711715502107559
4.529468283858431,-2.0240800375606605
-7.877736637002707,10.923185664973198
0.32866441161430626,-3.546825779671724
-3.208841974801914,-3.201032370773269
4.838345962824804,0.3188107660154008
4.497288867585153,-7.969255679222221
8.27602877917916,-3.867066202557745
-2.8295676811657815,9.8894690192046
-1.6518420910399763,4.776166128107189
1.4329034546336064,-3.7616203263396164
2.103148156606676,4.318251464795759
-3.8799376795512854,-5.7153251306964
4.289026453993115,7.178861522353184
-0.4387670366612507,-9.621131321584507
-14.77333547378991,5.670788355767008
-14.467389430756224,-5.39146126841825
-5.975681773539089,1.8414512913867933
9.167341048944046,4.442089832739629
5.472057821785964,-2.7961740787493334
2.011991745862404,-3.730475453629302
-2.433759562840958,0.9335110076552182
-0.6652941751377639,4.166594375118203
3.3609622597034186,-2.826654705343437
-2.2639084905862705,-3.5484120530401766
7.768374036187473,-5.207734935602872
9.05623775127551,1.9750005466828435
6.619987547000234,7.4110787954014645
-3.5521123281408014,-7.344481979264645
-0.802802534680146,4.349071557047672
-0.3586252782386278,-3.0654535619417884
1.7583742558992157,-0.8491518159386272
-8.464988561955378,-1.4704345316260294
7.525546446172362,3.214708948006271
-5.34165947398189,7.768012127527652
1.0260812637316103,6.340487207274507
0.35253228134406434,-1.8702015008361446
-1.245957622821272,6.889004615520249
6.981514771751222,4.002474479149364
2.2152960677805402,-1.9104806496513926
5.428643527546905,-6.2145799827823485
4.573874088551464,-8.628346512859332
-4.089344873960528,1.9702039639795357
8.266940763347016,8.110974101998814
7.107328746445002,-7.670641600204713
-5.89237964779974,7.953878437161485
-1.5027649148916058,4.806681474113385
-1.918025795950509,9.982395336090432
1.9343550409061465,-5.300385319510123
2.807471963706674,-3.0512908922503468
13.944292472658816,4.013345079967322
-4.943716297796653,5.698926459716015
-1.812716906731764,7.516059479718994
7.415600910189889,-7.991278808747092
7.144165036655738,-8.185268088330993
-4.4993761788172355,3.077955887424323
4.891332139720582,-1.8081722179345718
-2.1772885161183453,-5.19844395040029
3.8593704845894274,6.9778394756810584
3.9363841608685384,2.108543344887033
10.428516094463637,1.06047085467552
-9.13707451730126,10.024887268547962
-4.670421599936138,3.3751311390420478
3.477798334634363,6.861243043552673
-6.362013164817601,0.8295694317248079
-3.2930913612504282,-2.0973905269047295
5.651367483544043,-4.2851778125328925
-5.06605485344146,5.78946893772256
-3.4896340013939353,6.591369637034308
-0.02383271836306499,-5.486472290933541
-8.882459650677509,-2.8939691506684513
12.991574934194428,-2.58821436901574
-6.743480946253269,5.29504669068764
-11.673098159664702,-3.6366689770839047
-0.7380663319226688,0.8356152020556009
-2.8538708052153594,-4.056053106157213
4.753138516173161,-0.09722787070861567
6.295382828634045,1.84291505255421
-8.994975492376026,8.857252743762722
-6.457145804482468,0.585625786631144
-6.121577093429229,3.309862208617174
13.309625968046916,-0.390073837587752
-0.6367075930469469,-1.5582275342024217
9.419565037932745,-6.459240491908494
0.47117289085652314,0.30038193893414705
0.2335021047187345,-0.11451871294123128
-8.5898045477619,-0.5075231860531676
-0.14322328765793224,-0.23108696514044721
6.20610421484356,-4.176171945052915
0.7975071943572138,-9.120024490979047
2.521144431661291,1.42335782686173
2.1026580373413752,6.320414509281851
14.68802882301068,6.090915752444858
-4.702651988634047,-2.2837725680677097
4.59148384723739,1.1052711757213591
4.2357602648150205,5.35548547908874
4.33792099531483,6.292878232644196
10.550837547256695,-3.3044528235310078
-3.318656044882938,-5.109348727439092
-3.636174458264283,2.2496374552157627
1.142835686678774,11.344689072176385
3.8442124828776114,-0.1467100309706658
-7.5432166327950165,-1.340661802057367
-0.35821560768919347,0.6700437488282371
-2.957178116932589,-4.018206151231163
8.793076140262182,5.091810410674634
9.557785744007916,-5.327469889156314
0.29875419097631156,-2.499065265646398
6.125891568427242,-4.644233572961848
-11.617219726798403,-3.0881625690980803
-2.570316959305052,-4.0352378214334985
-8.22501774662854,-5.86189411451741
-1.2463656789962339,-5.063106254709995
5.249858565275032,8.921346218778476
-3.4618219069514895,-1.9012260424097867
0.02530034711538577,-2.8917887724288196
11.814265165825432,5.5625340395170975
3.0712659686956916,6.604306707460416
16.758994570386857,12.155726474199422
-0.46567017558494184,0.6074658425633842
-11.071958197433858,-4.936962443034386
2.9912343998373494,3.878873898487745
-1.3932097674958515,-1.7534333490906997
-8.566018170040916,3.0256759782307343
-5.2817263579253835,4.395781153680234
-10.65602648293835,-0.8296337929248995
12.351164157443275,2.207258745194362
-9.47551402148271,-3.404577204747803
11.48460437580029,-3.847817359311165
-2.094888746572526,2.9505193690031213
0.6368503285343295,-9.407535170563865
1.986604929041117,-7.58787197619342
6.07143504267284,-3.127322150035821
-10.300893494538245,2.5988581897952447
1.0105918145896682,-6.048095249906839
-12.297663160969172,-10.076150831273434
2.4581599531749547,11.393361594155762
-3.684318969684583,-4.8662447069468415
-1.768253992805493,-6.082068504557613
7.449913137239779,0.7274799458067993
-10.923264756256515,3.2440809111365003
-0.38102141261745465,13.159919324027477
2.8834047777303295,-2.447332500493256
1.2289955304973388,2.970541072737066
11.899449517432494,2.654203513660923
3.162235983634889,0.4003198823719012
-6.4957116430551896,-1.0504553146516014
-2.549524299148124,-9.953436873802875
-1.0586515363012854,-1.9558692216540274
6.040696765285796,-6.388960766175475
4.971688984516328,-2.673113741167158
1.9895474079886983,-14.289000751264151
2.7965438335553054,1.9943740215712276
2.072254519698684,7.025857404778509
2.4536172003871433,5.190799456274911
2.048719811944334,4.252650674506498
11.76309990539865,-8.119752292235482
6.290857565426938,5.55311617108311
5.616529577810998,3.2117576259163574
4.219626425225536,-6.681989386453758
4.777215672003298,1.7802242480102457
-8.56025305487276,7.277817101216859
3.07681678677289,2.007810218659086
-5.0427623986929975,1.743476730484469
10.965661245296456,-2.7261340996235064
1.3967780784381287,0.311850687413591
1.795052370931365,-5.061636247513237
9.726586335665178,6.455750326131801
-5.01780565547627,-1.344562844388165
-8.245709625890667,-0.6287244224374939
2.542947344778083,-8.156195402715305
3.014434844723044,-11.18911843613209
3.668536868755285,-3.2849340376693705
-1.6738461176062593,0.07107033296391532
2.0218312049450455,-1.9780214354108803
-3.1986205730035078,-7.347748772223941
-8.409464057471254,10.416121602926735
4.335026406707317,3.4067999640915256
0.7012625368544321,1.458674218959797
-8.056404551083462,7.294429436354133
-8.806586137795403,2.5662716308599958
-6.834309343390636,7.66631393811005
2.2163756392321114,7.0218878233713395
-5.560403218709453,-3.539734745920947
1.7609629682866088,-2.239318593580574
-8.25469751425288,-3.776463613320766
-1.5396958024010634,-1.4380685049170887
2.471557743204561,2.488729496602392
-5.185120824121222,-6.565734223724485
-4.164933662518763,0.6575361466702538
-8.045293821549677,8.463762450872997
6.239867746362943,-4.148149837721576
-2.9438371234876475,7.536537495740735
0.1824465295894081,-6.658172671115887
-10.672998958534501,5.3799472536691235
-3.6162588343813917,-2.4985598328070955
0.31359899647778555,6.102776302316464
4.2393519238961,0.600388793511499
0.46222566267205295,-0.9824894895040532
-10.622035841628467,2.2381493451153758
-0.3008438133401677,-5.528005189463688
-0.0967373197998746,-1.8410156464720322
2.3533505185762724,0.7073660799499218
3.0098192162397295,-11.96284194006332
-5.564172588328162,1.5611568281759602
-0.4302023149048315,-0.31148068936226064
3.791032967770647,-4.86522057126984
4.622513822424986,1.766182716337292
-5.5674450068294865,9.567717570113466
-4.552349814728121,-4.202597346802373
1.471984248087038,-6.43993519613835
-2.2026879828378663,-10.62790953941075
-1.7255067127858164,-1.4779585331378522
5.080049540434876,16.14192440706256
0.8967329676111451,1.7775129391684783
3.4973689160085284,-3.4981841609877993
3.683358434266286,0.10845798232163317
-6.431087688279172,-6.061368168906727
4.430360176912549,2.1918493166530264
-0.278669187968311,2.016853369369424
-9.657002218942734,0.5886495650011891
1.4222737245679877,-10.89997558090838
1.418665614163186,-6.0970688812368925
2.155532925089429,-2.7615359560248947
-3.0991811192178407,4.587663957724114
5.910160621361023,7.125283150881251
-4.675548284923807,3.2744164519389947
-2.37530492643135,-13.059128921658663
6.4991091061866815,-3.5438982789277236
2.9597667185003513,-1.145726386260978
1.3935419948432006,-0.2730779706400152
10.370331513055797,-0.3020910801995084
-1.4024555908537097,-3.0477285454796723
-11.082489590635586,-0.6960517217026823
1.307363682132001,-4.4755021386817315
-2.4046078032316895,-1.0046157773427247
-2.0640879008452506,12.240774299749791
-5.397731004592634,-8.777730183393164
-6.175796981981097,-8.268960327242743
-3.80732440241165,8.436835091135093
2.3511868998940098,1.646197527979194
-7.054860953495607,-9.536860698703212
2.9586868653717016,0.4138836640756273
-3.2637338254243837,3.969456223800896
0.917141774200879,3.9969962908417878
9.03037837262145,1.5363057883387197
-2.844301545710732,7.451577137661472
1.257306159465959,2.0546110067670034
-0.812870686050503,3.002749956504465
5.948601854145967,12.741858414346288
-9.035950122957349,0.9789765534813859
2.371497145641018,-6.228248461740097
-2.9644688888262833,11.085035582715818
-8.113958706636687,-5.373417565535972
-5.5789097439969915,5.936832919178917
-3.2193255996282257,6.045018532965402
0.9675612754177542,-3.5229456024057844
1.6378713660952735,-1.924420106080863
4.839045619550063,1.8230454068430386
-5.294187220873118,0.31806783666818106
-0.4816834821773842,9.240164821998977
0.8089207837148237,2.6484631883499667
4.466780531438234,0.478073657289597
-6.053740609273882,9.653599659141632
-0.8795410820704139,-8.442160247809364
-8.965317810579084,10.723397709591293
-1.7753876435514253,-3.3847449591813974
-6.726441246281487,-7.500232725943266
-5.090427290573327,-0.37029099486422795
1.6191202532624969,-2.4243815382104246
-0.9424035074847338,7.043332398967338
-4.364786565787069,0.6515437858183907
7.636345271208673,-3.814439864362889
5.556641620017778,-1.9791917569823212
-0.2883444950622529,0.47926569881350006
-4.117644134857781,7.7117161541375205
3.473750977230493,0.897851269646678
-2.7917592040014085,1.552191009673542
-1.0285040056243109,-1.0469838662797106
3.069532586769621,-0.1984134940533142
-1.4011660551960226,-9.680329833074456
-13.47334417925549,0.08288302165950494
0.7124546262856495,-7.25190356517531
7.090614298115626,-5.667671852543754
1.983653680224708,-1.8809651896746131
-3.849415045681626,0.460461490887313
9.603731621159602,-2.2952265180788376
-7.48747837488386,6.499126408600778
9.357962807462254,4.859382300025591
-2.43645737555986,0.9002127002618209
-8.395508801859373,-0.45694583674049777
3.6201869045958452,-1.2340680373134623
4.601755920893262,-8.467417122736183
2.1708400787529594,0.5277379149839241
3.6196857260086537,6.137791577080074
6.6153141624997245,8.447736944791055
2.4656305024673255,4.125503638949272
7.197206010632504,-2.9867350370714205
2.8721355222127287,5.302425254685593
4.709993253249776,-5.6970948480388595
-2.593700102961813,-10.303324035943488
-2.8964845036347606,-12.86360878032909
-5.888552881567891,3.201612985185413
4.348978745433714,-6.585004833437057
-3.377916328589474,3.0730932246643783
-1.8889037385107597,11.270390760412438
-1.5908266313445802,-0.44787933100493044
-1.1849137504414158,-0.611983440074596
-14.260546666554102,14.17141304833058
-7.057794240270212,6.78705833375864
2.583905961903052,-1.8222720216063384
-10.593559508222292,-7.393293872287966
7.284681306419292,-4.5062436512385755
2.7346206358752023,-9.377699002193653
-3.1990384355587405,1.545672242412279
-0.7226264938541082,-7.663114003090322
-0.7143314669189234,-6.141692794559442
4.195800405070003,-1.8555741403132056
1.9150214571110933,0.9089376810741712
6.830650097260298,7.256068777355689
9.461072956186129,-4.111459200207551
6.909862223017975,6.536784376257058
-1.293116298987483,-1.5867447956609237
3.0680756858031177,-13.11872594012278
0.2191860399019172,-6.436187402574181
3.627943488640716,9.002811622337386
-15.007866033507236,3.988189774097117
-9.57454585475892,-9.564613732569843
14.737846940483179,-9.018791711243919
2.8585438854590617,-7.572622798094481
9.24920027698947,-1.362498375908587
6.6499830230467625,7.083996720027942
-3.6769301849687,-2.041015425002431
-3.4363735426357875,-4.0455115268559565
1.6486506764757585,-7.039753189613989
0.4271122226391987,7.410818528361524
-6.569615917826783,-6.475558709064251
-10.253310506415945,-7.033938263436321
3.4148774592105493,-2.552894805010214
5.632008556142056,-6.220623693589802
-9.27831003850249,-8.147008633093185
-0.1602346891327265,8.010743995365708
13.239371196237204,7.491960604974493
-3.844397658680402,4.078061599581115
0.508414969985538,4.373069400089466
0.8854863266914368,2.7426937830873532
8.781140126977736,2.8837867819765166
-3.276214849552035,-1.8638905141968414
-6.09252545102032,-0.05621956424251027
10.43860255305232,3.5152223693477795
3.2839541836636066,5.395957447143471
-7.078434188791217,-4.554205593795023
-3.239840952527423,-4.353576456841112
-5.051844547300696,8.925615269950447
5.35336533692784,8.690680403764574
-7.1389376039601515,4.600793903855322
5.60029488480996,5.7126065923481155
7.4796044791065075,-3.097052052473312
3.1487427558301486,-5.738641701003757
-5.277753163675616,1.383563044269098
-0.981027888722118,-12.167882219093697
10.0654964456364,-2.903050957881264
-3.50140915315436,4.880090385182273
1.7289857762311818,1.8193669981194867
9.409078165731284,-1.5315152360233686
-2.9521337237536303,-2.934145977897543
5.379591183995624,5.9607274564973896
14.148942900519614,2.1692975215131636
6.240087512308266,-12.950928507454876
0.6478217843566049,5.159789323807929
1.150713981852084,3.4259566677979643
-4.768037584447348,-1.1656013924484852
3.920865403978421,-7.338118225743655
-0.39088337201430706,-14.90566790203708
-9.994482856579813,-1.317986657027309
2.1615313958028457,1.220042368341994
-5.972886273994505,3.14956783623964
2.5350573526463256,6.139203073017915
13.334111356914995,-2.4901010833283705
-5.158017536118668,1.6995297701401497
1.6294223156588257,-6.201540221600804
2.5832416715935462,2.1021060863528125
-2.4221060399991923,1.5586421414875518
6.4272095246150105,6.3311711558232
5.425476195578775,3.73744869716161
-1.1141617975211864,-0.8634479821473544
-2.5766594085467878,-9.767104539352598
-5.836983511741524,0.12725159378760634
8.582943899938673,1.6299431649878142
-0.4235539449690136,-3.0111016517593296
4.817105532846333,-1.661256295056351
-1.8097854083267197,0.767631315935923
-3.347407242030756,6.152596239971629
-7.38085150605642,2.6429968656446152
-2.189470542812707,-2.5234441582829525
6.47405093867151,-5.3367338326696725
-1.5850540254275152,-8.1872851521928
4.278740278784426,-1.613214991371096
11.94135106764973,-5.421748451268284
5.768156446004819,-1.2624034406452618
-0.9171014664127988,0.0020379890981690654
14.969408448795,0.5971140622616693
-2.7746851286952543,-7.074388988688602
-5.240139104685313,-1.5183655326742322
-4.782461723196153,-3.36948186138496
5.119409260907484,-6.451597643555384
-4.383689765865602,-6.429681363197159
2.299147305284533,-0.4852766291878662
12.633653020305118,-3.462670940456205
2.7528023540231974,1.3950534152286835
-2.6673241262864695,-12.279238023613603
-1.9148252365383527,-1.5654613208021315
-7.844154418317636,-2.347719645726176
6.163799618809465,7.311179384931005
10.769689462023475,2.4095542695512946
7.748187769211313,6.974935544942558
-3.4112550992448853,1.199098866656685
-0.3268490511222142,4.940469225181117
-8.115597084817152,-5.827461219021047
4.393912103354998,4.7547765693434005
-6.263534195623623,1.1137357196446676
1.957807316628344,-8.598184911103369
0.8930147544331206,2.12013049260563
2.63361222825945,3.5379079243940086
-2.5053254842478583,11.515385801098246
0.35088783053494504,5.933943220565901
-2.6610156033470287,1.1203742337302312
-10.72487661509495,-4.436433534295288
-6.258578446487512,0.18436421746785742
-1.9632258345069111,5.327766164750249
8.724447713131113,5.249976433170855
13.050518220598779,5.0516517404076104
3.0517430849840914,-0.8148439417518292
5.252041546770119,-1.5244294737163415
-2.589715448892058,1.6978976351138046
-5.719679026447088,6.59015596211035
3.1353836554918226,-6.562494578926578
-4.956430249301383,3.0536602316101162
-2.1869995667156403,-6.804199921013118
6.403908674230205,0.9631092561313838
1.412168790049582,4.040414018527443
0.1405393036017349,4.51251973774883
1.3081748145047452,-2.3865200308354284
-7.270316505819427,12.03721304441051
0.016013083317314082,3.4027519879457064
1.8533522279451684,-10.163459021584647
-2.673162675428882,5.2782014355759035
-0.5137124097870681,-3.9925980782234376
-1.1991258429627893,5.938562566469672
2.3202665453404845,4.045613137926219
6.314778853326396,3.355302203715555
5.092015041597069,-0.4513784514358325
0.36575172338786366,-11.885596222888715
-18.675869661633808,-1.409340319370479
-1.302076109249447,3.3778373886312396
8.472942807446296,-2.8409280666197816
2.781718383624838,-9.38178043679744
-7.877285293292052,-1.0074788432368131
1.463232858038112,-6.221526599736042
8.63200580959259,-2.2941144455482254
-6.021628296458761,-4.607871880231137
-3.9837227296264297,-4.982333037821512
7.212354805683955,7.831022494943282
-1.28747076413747,1.2320371039413824
-1.168732494889766,-1.104984908043923
6.933073703980817,-4.442959289346045
4.1970879054277965,-3.561434496592412
12.081129848639701,-4.549112958795064
-0.49559012720332685,4.8415503522633525
11.450247681591213,1.727064049180394
-0.4831548910045492,1.1082667692065804
-5.228276897308926,-1.7414478924506782
-5.806941935743379,-1.695619653681112
-9.389012455015271,-3.329108263437702
-6.942153042633903,9.258238814047216
-8.351600590522217,5.818407416191092
2.9124192997192884,1.3299575435006672
-2.966969026694121,8.58826187242743
12.340451579558188,-5.36466425431416
-6.844624169056404,-3.417663942162014
-2.317167113060023,2.1372080933022226
6.125328678305209,2.64317408399769
2.110844574315938,0.48547949495508036
6.494646001150208,-2.708292309823942
-4.2485615997055515,-0.13882828552643342
4.3393018773340675,12.791347374380532
-6.661684269090413,-6.804548028166611
7.728276304240222,2.254681357835571
-6.024002498096504,1.728798860446286
-10.999694444568426,3.4575969052331343
1.7057964465642481,1.4470459325270728
0.1933813604214253,-4.899022616742726
-7.621887057935178,2.638316107104896
-2.2006002538494833,4.669390246099145
-8.588196629752908,-5.200231259103184
7.81173187130493,-4.287393405261009
3.5661650041391377,-1.072269612935353
1.5091011059387913,2.5036208231920174
7.545595747118467,-4.952860218153249
-3.993025197236503,0.41424307013833317
-5.853266313027363,-2.3213148417899214
-8.916744601914182,-10.253023460454873
-2.712966601442998,-5.027431999688769
-0.8574332282587751,6.1851602696970795
-12.28484318350073,7.844422165281335
7.121118846598682,3.5106745575107694
-6.66700101604677,-4.490659700262782
-7.402902894646722,2.899875826170711
-0.40302663652174703,-1.7648017401650034
-1.038816546029734,-7.482916889219426
7.08048453422484,6.2386629606650095
3.8803310765286247,-5.91681949906133
7.858506350213904,0.2481287437807124
-5.303644582338261,0.21967896996467948
6.071320450102709,-3.5558710485637355
2.1191573614657098,8.187417252073663
1.0099809799708495,-1.10929217456268
2.814471793681685,-6.415603382331903
-10.704465742507036,4.830017768428636
1.7044522843610295,-0.699683133586988
-7.9085926232019945,-0.06022528568555989
3.078307185150243,-4.735236713785081
3.8586556625186503,-15.07673840054624
0.40196172930445495,-1.2633006797545367
3.814846424691328,-2.799285761637539
4.209532188548659,5.882484095819493
11.678147360250675,-2.972921405526715
-0.9338981409233238,4.254531174125326
-5.685018817464401,8.04753374109469
-1.728326257771549,-9.676270440021518
-5.087454800055667,2.0906865832832016
-4.9674346602376644,-7.01040904169873
9.799640911724133,-8.388605101826121
-0.7137803226001455,-4.331250079506471
4.409768095999164,-3.6615131467498605
-5.068414784453585,4.3879841510698565
-4.833657295206583,2.6566846042145014
-4.169966918171581,-3.374701566552681
-1.9030936411431292,-7.0849489513546136
5.030279451430829,-6.468647427900536
2.4734647127871883,-0.7030876699602523
-2.322740998915621,7.021779219818278
3.127857129018342,4.0986447415631995
-9.348586348528885,-3.2094337007591105
-2.127208332557154,-4.108520415550882
0.30198374812323325,-5.449134879362196
-4.11040961556779,-1.4027478209548134
-3.177580054481433,1.020095287846529
0.3978304473381198,0.2903958137424539
-2.6333929304456003,0.29589311646283584
1.3394440677767045,1.3504796377986052
4.641744371469283,3.363221770188019
-4.437281667885424,-2.9404991707420076
-5.693870634324565,2.825017360991415
-0.6079661830464822,9.692180637786855
-5.676256999559447,4.860071864629151
-6.303325681084954,-5.471624379942943
-6.037877814107116,5.150612566861639
-14.290972842090987,2.899816583726793
3.9910329296704097,-0.3879934133932777
-2.959338311960428,-4.046004782841252
8.970270829225182,-4.588534557932756
8.24451071980791,-4.760687221866414
-0.6260627343805635,1.300298308016725
12.602286336784946,-6.280520288312017
6.265251340531818,1.264290662884424
-11.652584423552643,-9.873406019907693
2.064408715158608,0.08582436645399037
-3.3459266540444386,-5.813840986799077
5.169087339380309,6.41671537980271
1.361714826293647,2.1149831659980833
-1.8722987225303465,-6.27419662158161
2.5106676891013464,-8.895792493193175
3.4918017577990255,0.7661102614098559
-1.7621640076834413,4.970435402322985
-15.021999840453137,-2.8242746901064955
-2.589563066948511,-0.22287660351489189
-6.076104276349959,-1.6319597016010592
6.966616201928543,2.796869428975001
-11.797228517137697,-3.639430314063759
-11.212650681382419,-0.5220470356270411
-2.6807258439657344,0.36580387855967894
1.1051066776402405,6.433858141696145
4.198479297577847,1.8109135510730752
-3.6904263897707326,8.130232187833146
-12.799732495136613,4.016436175429986
4.4804558736882525,-4.9833475942935435
-3.8085613874442936,-2.438616228513789
-1.4007306233831514,-5.88175437876671
7.128823237706234,6.07629371580768
-0.34287129977927433,0.6625211169974888
-9.206443673986627,5.7624812462359145
6.360377311624818,0.10511771634204285
-10.909058430937584,13.011979522635565
-0.8131429867798581,8.81249298234341
4.3924456012860675,-2.4666893838004524
9.640974979411569,-1.3577414667639909
0.8961090698499969,-4.0114527033368566
-3.5570695231768745,-4.624769868151724
0.5040549040175595,-0.019367493532506684
-3.624901826385664,0.9933678747977741
3.897422463785796,4.296612086472907
-2.5205978545215655,-1.1556061890343086
4.4799178975271445,1.4091095602413142
-4.017008732240432,0.28284032567102513
-0.4881205974905164,-0.7902683113791101
5.058869429989112,-6.602364058006205
5.802716901594048,-13.108465945717889
4.898345157328141,-5.273070123912293
8.718555338449237,4.47663435889568
-5.863203511412202,6.570949354566261
0.9320741656874532,-5.497180224710412
6.7489983901518436,-5.550709821722226
0.7612402319252591,-9.546936003104642
-2.5377308207024787,-1.6451203167887254
-0.11339585907270358,9.46124768849267
0.38686929963473826,-3.0037389866292803
-3.444324431740549,1.5348365745137855
-4.940991903627577,0.5625950949606282
-2.3293199359295214,4.4223696371528565
2.361427023008764,-2.8110143553798324
-5.454118985038938,2.7347968099392683
-3.70162433265559,-0.11589413527311482
1.2730392304529832,-11.3169919407805
-4.465898064156094,8.019520195830328
-5.890589202288155,1.0638009495230891
-9.620687622012909,-4.847564037476805
2.1066724632134837,-8.234302702991302
13.070661536132565,-4.696999235743255
-10.519395815330057,4.021468191583277
1.920502720024242,-4.725294101937454
-11.328009998602752,-3.026170544238129
3.1668735528178367,-3.019323888094058
2.5030512045917797,2.303502899761698
0.6772055081590049,4.523545961387131
0.316340835617568,-3.64752313960108
9.171981437625526,-10.36058862295674
4.831841568745468,-1.9223415192072162
7.316549026741882,-10.65721120678654
0.8137182242583842,7.177967501258787
-1.2920623502829032,1.6281774269615419
-7.791610726046288,2.2653695045618765
-1.9404703052123824,-1.961636649986935
0.7067575517334729,0.3490509947455533
5.63230989601055,-7.178844755596369
-3.9427505255105766,-5.7212316711062225
3.600006742358193,-0.6006107184463958
-6.442786969329994,5.4990916312938705
-4.443050156297856,1.8511830065603807
3.922011588709786,-2.552579250716942
-4.195953783115204,1.6259330299823245
-6.224442214781483,4.743044043225015
5.063271417884007,6.864979804840993
10.862120018852625,-4.424696477602932
-8.346792340850223,5.593807913603281
-0.9657932900437924,2.223179669928127
-1.8809925347937348,0.05951903346315351
-0.9530935111306215,5.951868920176099
-9.178628364580026,0.8165923225110638
0.3093389254661479,-0.8367700865640794
-6.640379208764555,-0.6182354609350658
6.111595437365141,9.916688131848856
-9.999133390499603,1.5749611048241892
-3.8037935660480287,5.960225936353875
-5.568535884595287,1.970083208239443
2.52691135777879,-1.5831841172768772
13.962815020002639,0.8893577692830169
-1.9327021074069215,10.684931380763706
9.017832077161477,-0.7566620907020026
-5.928682001975578,3.290814882963267
-1.7638728652187758,1.8213483681778115
1.680234707725682,3.645983485029054
-2.9398954838369797,-2.297141173561583
-12.211441102149067,-10.942243922515507
-1.7424374273936443,-3.8750685248459646
5.732872348612888,-8.04084887534953
-6.211692340165186,6.8347182399117505
10.651221990216548,-7.7623974436448115
2.335483635458667,5.168697251582634
-3.9110436407397082,-2.5611903396129976
-0.1753322461503338,-7.488534982026056
1.5273881371195277,-2.600772193053218
-7.42635104759084,1.7942287777262382
-0.8477048678858725,2.9525982500945793
-0.007745583433079784,-1.2527535521676745
6.230997284027332,0.7036130363734632
-13.486022992407875,-0.8896487236953357
-4.206573549321824,-2.5839288603070245
-4.263698313581701,-0.29197845948738704
3.320378581934289,6.980578484606751
4.96717564281439,-0.029686650543466173
-2.7774104991677193,8.221430616498472
1.4302854530239886,0.7440266211224671
0.07414915123699668,7.365831238416662
-3.277906079004116,-6.893854949564391
-11.21560906982028,-4.767553327343853
-4.141379067700108,7.503513382648345
3.3619272995637415,-3.4222950395531373
3.1432801856673276,6.244476009299532
-1.0364241896018491,-7.4818079914428175
-13.567719563295125,2.5107032524780633
7.2515773600018445,-4.624781067060113
1.5868151205014183,-3.0026406312570195
-5.630855187563897,4.237110972121969
-4.265261433286002,-6.662698763609891
-3.4209909522396513,-14.661807050353543
2.933795558108281,-1.8185842214900694
-9.467120342892489,5.531688665172153
1.7821675229892242,0.03940234534957807
1.0665334282738053,-1.769517638500312
3.0366343822871267,-0.3936494050898915
4.56575832128757,-5.608398873736746
-10.666840477412329,-6.8427647915161485
14.386883657536533,-15.312213649064732
-2.8684160709648894,5.876865798367372
-6.19238958018679,-7.955444898950019
7.3338743377985764,3.1655324823340787
-0.05153078974307281,8.031986352963601
-1.2088644929765222,6.803492383889148
4.840640172625285,-11.517772176532173
10.306170644227466,5.847423089967423
-1.5595633450151065,-0.217813259711529
-10.473733559863087,-7.632184144567406
5.558104503885088,3.055446606680919
-10.68076742900265,1.8619231634370184
-5.873168453964815,2.2077961061443605
1.6584188353934772,-11.058888474623592
-11.013235605398906,-1.3422317734258786
1.2116315480255127,9.36572058220919
-10.924391226255427,-4.619339634480254
5.9410815054564825,-1.442450157777397
-2.7833242991321194,-6.109695027587826
-0.6833264972163153,-2.708889926966153
-4.568121267197287,1.7365265412868651
0.3546853640758186,-0.5672215214015905
-0.9545373874425205,8.892050431380854
-2.2797308512588526,-1.6120656117729106
-9.95147928611834,0.6851426960189
1.7299268480499155,2.3350432067345146
-12.162413710546463,6.677012771507219
-4.702294952440244,-0.2704163319113164
-2.6718144649118796,-1.2876262028730718
-14.579544690998516,-4.726107382908798
4.044837106246564,13.246902159697319
-1.2391094183329847,-7.906110721433846
-8.330773688925547,2.527165130737799
5.63397089957734,-0.2073913404550197
-1.6470966125753872,-3.725526962069282
-6.276520139169056,-0.8845285460257174
-3.8152006406903576,-4.601448763777607
9.443452562883099,7.381333055092985
4.897132921360823,6.536698663317655
10.95483483866093,-8.770242576748524
-10.659688783065377,-4.6829677982710445
-11.06799387487669,0.5423892894980518
2.1035934677029893,3.801583605687613
5.483088408652081,3.3042832614747932
0.6284604494916098,4.987979926308659
0.39854290871363707,4.6934242395212395
5.40680868369696,-8.07925707863337
-0.6431284797830222,-6.021060945883904
-7.960249092927569,2.628404342922849
0.7822703425972177,-2.8633816730678032
-1.3622834695576251,-2.5753996152604404
-3.514683487293463,3.3229678745177296
8.428198592931478,-3.394015769882679
-2.075347436391229,-6.319551230181164
1.5665881122706857,-3.844420778969681
-8.216215233947587,-12.970190925065415
3.7124974374122828,0.8181393712260426
-2.4281145002104636,11.231096622582394
-11.194930109180659,-2.413978901029823
7.0253123728364795,-7.354790426453211
2.640774128159137,-7.097145882685683
-5.654580110295746,-6.771693418866911
-1.8024197081103537,-5.128198371650601
-6.745253178446813,-4.056409008067267
4.550210616763703,-3.08378187984459
-8.385666512816035,-3.9859932704355114
5.6973753949424335,0.2189244752971428
4.641499492154243,-5.135889998080464
-0.526636476974575,-0.30339195971821054
11.505643843204105,-9.48584515236761
-4.172720874578926,-4.503515169224779
4.8690340897995865,4.933355276013863
-3.7979694247061415,-3.162111988144646
1.3025692157251418,5.268656502209101
1.7564464598100185,-2.353686656089215
-1.0921196507831912,-3.297660478097846
-1.8879034002916921,-0.32681837923273394
0.35194206410286605,-4.7862639320372224
-5.725953157590311,-7.522419050012055
4.769035496593723,4.225654309985434
4.255174501235395,-0.45762083708960927
7.728346180251306,4.2853542298467096
2.9441974488019467,1.9436297873311243
1.8791697438477528,0.20661745549832886
2.583446719301957,-8.645037722380524
-8.064547841679197,3.1534959151120336
-3.7716596334548664,8.828806352738177
-5.088596277035313,-1.4728207155739594
-13.755719937549056,6.098000705666675
-2.468981676571441,1.9318366325745846
2.6864843189713214,-5.080673914115436
0.06969976272385466,0.5041436276261053
-2.4438268045853304,6.706360614167999
-10.393972636841479,-5.847589475229458
1.8576404853939252,-1.4943089500360613
-2.4039426877735273,3.2968835469848656
2.174187101810743,1.2948273874930893
-12.329533033941516,0.2753846788491038
6.003830453784434,0.7768679766300751
4.050671943480118,-5.880604938740895
-2.410140812135519,5.802212400782015
-2.92103229043446,2.753885271508958
7.042485271343458,-3.2052496200149374
1.3412393234270672,-11.951821158455509
0.971467789585091,-7.948983007909955
-7.3773726586810735,-1.6121824345368025
9.724019139353995,2.3750402573590037
10.046018401561893,-0.7665145500367985
-0.06446818315123012,12.340340816414367
8.091580461226036,7.134731051190427
-6.891779492068723,-2.3308340340598797
0.120092756128438,-8.500994565751583
3.6003685274730888,4.346596445940454
-3.8587268992966512,-2.1415623100902965
-0.35576062104115747,7.122950643184891
2.8698902443457004,2.8858167717032757
1.3488586243212297,-2.5411250907510072
3.1044794135177463,-10.698355849175972
0.03607176718354426,-0.08219217946494561
-4.17899172359778,-2.3918815630464616
-13.517847598342712,-1.5497349151623265
1.2274910948024222,-10.178077407777941
-2.34379247457226,1.1901135865569166
8.532673665171657,1.9182231791921098
2.2262396303325764,-2.8767037526788304
6.0096518247228765,4.790096627018441
-3.717334441734592,-7.477127710190943
0.8687317026620822,-6.411538657884893
-1.3507486687856216,-1.6750650143849204
6.793113122657793,-3.6079302480846853
4.890694708492156,18.92296530167964
7.902494999566092,-0.11188164800421532
8.310191253922518,5.3897345488524175
0.9824864003814054,-8.141687453022543
-2.200273240536884,-15.266887971216157
-5.971234145699552,-0.8640964185818821
-1.9316563444333825,-4.3823864006383735
0.26041574444173676,-4.380049626037795
-1.4840020339761204,-6.953146026664076
13.296386674918445,6.739732292567298
-0.4508445914142305,2.1455556185485762
-0.5982532513873082,-4.28003622812201
1.1816103311745059,-3.076620732301577
0.9394497098634804,9.36843767431925
5.064873781220113,9.268833807167663
6.0905152441222175,-11.555290935069857
5.020403584028839,0.8688429112157094
-1.0151268421914816,-4.0882879332087905
-4.316946695247406,-0.237942156403018
0.08198587906335561,3.6714689604078057
5.664247928281156,-6.155532071902542
-6.947639873270378,1.371945488326228
3.1106001959884493,-5.7502529014903425
-4.0157196337357535,5.334008934058376
-0.5352960848695953,5.284238807612134
-1.2021617651402483,-7.283580622380558
-1.2640134239393315,2.117975023165972
3.826025132518068,2.8263634992719338
8.723181846884618,-0.2949030088625959
-2.437675060177308,2.1459242724847187
0.7427402081197978,3.9076591137988412
5.89607766993899,-2.85895671007174
-4.418413741065155,-5.020677472912068
2.2258050757372896,-3.5571603650536665
7.6781360825509894,-4.733937229816325
-2.4963717075460314,-5.740243441640672
-7.5420982157872904,-3.6789048332711705
-10.920115977254166,1.2818259775520326
-0.8186357977978238,-9.359950874458113
-12.78256571925232,0.02589608649389553
-3.4825496095834314,-0.6053659921499168
-4.278408424879345,-9.185453203049569
3.2054190433397034,6.083838390703591
1.762230726209346,6.3002829942227265
-9.632542844476589,3.6929921507070507
-7.823342986791025,2.6769996655542965
3.109257901035628,2.4306434318362573
3.7994565291065117,-8.205233625995954
6.915751674660767,4.925313829380109
2.23340030718914,7.05212476569723
3.6734771709704965,-4.000255396886893
10.261650408761245,-0.30068917035191667
